formulation,scenario_count,same_objective_count,same_schedule_count,avg_lp_fractional_mode_count,max_objective_gap_eur,avg_mip_runtime_seconds,avg_lp_runtime_seconds
basic,9,2,0,23.555555555555557,0.047714798269016256,0.04499997033013238,0.019000000423855253
tighter,9,4,2,10.0,0.017200119525313085,0.03633326954311795,0.009999990463256836
