formulation,scenario_count,same_objective_count,same_schedule_count,avg_lp_fractional_mode_count,max_objective_gap_eur,avg_mip_runtime_seconds,avg_lp_runtime_seconds
basic,9,2,1,586.8888888888889,2.2132725441421783,11.119758877773872,1.7317397333422884
tighter,9,4,0,431.6666666666667,0.022037394719491843,10.388701622219136,1.5400476889012173
